Person ID,First name,Last name,Party,Constituency,URI
10001,Diane,Abbott,Labour,Hackney North and Stoke Newington,http://www.theyworkforyou.com/mp/diane_abbott/hackney_north_and_stoke_newington
25034,Debbie,Abrahams,Labour,Oldham East and Saddleworth,http://www.theyworkforyou.com/mp/debbie_abrahams/oldham_east_and_saddleworth
24878,Nigel,Adams,Conservative,Selby and Ainsty,http://www.theyworkforyou.com/mp/nigel_adams/selby_and_ainsty
11929,Adam,Afriyie,Conservative,Windsor,http://www.theyworkforyou.com/mp/adam_afriyie/windsor
10005,Bob,Ainsworth,Labour,Coventry North East,http://www.theyworkforyou.com/mp/bob_ainsworth/coventry_north_east
24904,Peter,Aldous,Conservative,Waveney,http://www.theyworkforyou.com/mp/peter_aldous/waveney
11995,Danny,Alexander,Liberal Democrat,"Inverness, Nairn, Badenoch and Strathspey",http://www.theyworkforyou.com/mp/danny_alexander/inverness%2C_nairn%2C_badenoch_and_strathspey
10661,Douglas,Alexander,Labour,Paisley and Renfrewshire South,http://www.theyworkforyou.com/mp/douglas_alexander/paisley_and_renfrewshire_south
24953,Heidi,Alexander,Labour,Lewisham East,http://www.theyworkforyou.com/mp/heidi_alexander/lewisham_east
24958,Rushanara,Ali,Labour,Bethnal Green and Bow,http://www.theyworkforyou.com/mp/rushanara_ali/bethnal_green_and_bow
10008,Graham,Allen,Labour,Nottingham North,http://www.theyworkforyou.com/mp/graham_allen/nottingham_north
10009,David,Amess,Conservative,Southend West,http://www.theyworkforyou.com/mp/david_amess/southend_west
11427,David,Anderson,Labour,Blaydon,http://www.theyworkforyou.com/mp/david_anderson/blaydon
24864,Stuart,Andrew,Conservative,Pudsey,http://www.theyworkforyou.com/mp/stuart_andrew/pudsey
10013,James,Arbuthnot,Conservative,North East Hampshire,http://www.theyworkforyou.com/mp/james_arbuthnot/north_east_hampshire
11553,Ian,Austin,Labour,Dudley North,http://www.theyworkforyou.com/mp/ian_austin/dudley_north
10707,Richard,Bacon,Conservative,South Norfolk,http://www.theyworkforyou.com/mp/richard_bacon/south_norfolk
24833,Louise,Bagshawe,Conservative,Corby,http://www.theyworkforyou.com/mp/louise_bagshawe/corby
10683,Adrian,Bailey,Labour,West Bromwich West,http://www.theyworkforyou.com/mp/adrian_bailey/west_bromwich_west
24697,William,Bain,Labour,Glasgow North East,http://www.theyworkforyou.com/mp/william_bain/glasgow_north_east
10022,Norman,Baker,Liberal Democrat,Lewes,http://www.theyworkforyou.com/mp/norman_baker/lewes
24786,Steven,Baker,Conservative,Wycombe,http://www.theyworkforyou.com/mp/steven_baker/wycombe
10023,Tony,Baldry,Conservative,Banbury,http://www.theyworkforyou.com/mp/tony_baldry/banbury
24785,Harriett,Baldwin,Conservative,West Worcestershire,http://www.theyworkforyou.com/mp/harriett_baldwin/west_worcestershire
11740,Edward,Balls,Labour,Morley and Outwood,http://www.theyworkforyou.com/mp/edward_balls/morley_and_outwood
12005,Gordon,Banks,Labour,Ochil and South Perthshire,http://www.theyworkforyou.com/mp/gordon_banks/ochil_and_south_perthshire
24916,Stephen,Barclay,Conservative,North East Cambridgeshire,http://www.theyworkforyou.com/mp/stephen_barclay/north_east_cambridgeshire
10713,Gregory,Barker,Conservative,Bexhill and Battle,http://www.theyworkforyou.com/mp/gregory_barker/bexhill_and_battle
10715,John,Baron,Conservative,Basildon and Billericay,http://www.theyworkforyou.com/mp/john_baron/basildon_and_billericay
10027,Kevin,Barron,Labour,Rother Valley,http://www.theyworkforyou.com/mp/kevin_barron/rother_valley
24863,Gavin,Barwell,Conservative,Croydon Central,http://www.theyworkforyou.com/mp/gavin_barwell/croydon_central
10029,Hugh,Bayley,Labour,York Central,http://www.theyworkforyou.com/mp/hugh_bayley/york_central
24736,Guto,Bebb,Conservative,Aberconwy,http://www.theyworkforyou.com/mp/guto_bebb/aberconwy
10031,Margaret,Beckett,Labour,Derby South,http://www.theyworkforyou.com/mp/margaret_beckett/derby_south
10032,Anne,Begg,Labour,Aberdeen South,http://www.theyworkforyou.com/mp/anne_begg/aberdeen_south
10034,Alan,Beith,Liberal Democrat,Berwick-upon-Tweed,http://www.theyworkforyou.com/mp/alan_beith/berwick-upon-tweed
10036,Stuart,Bell,Labour,Middlesbrough,http://www.theyworkforyou.com/mp/stuart_bell/middlesbrough
10726,Henry,Bellingham,Conservative,North West Norfolk,http://www.theyworkforyou.com/mp/henry_bellingham/north_west_norfolk
10669,Hilary,Benn,Labour,Leeds Central,http://www.theyworkforyou.com/mp/hilary_benn/leeds_central
10039,Joe,Benton,Labour,Bootle,http://www.theyworkforyou.com/mp/joe_benton/bootle
11727,Richard,Benyon,Conservative,Newbury,http://www.theyworkforyou.com/mp/richard_benyon/newbury
10040,John,Bercow,-,Buckingham,http://www.theyworkforyou.com/mp/john_bercow/buckingham
10041,Paul,Beresford,Conservative,Mole Valley,http://www.theyworkforyou.com/mp/paul_beresford/mole_valley
24924,Luciana,Berger,Labour,"Liverpool, Wavertree",http://www.theyworkforyou.com/mp/luciana_berger/liverpool%2C_wavertree
24860,Jake,Berry,Conservative,Rossendale and Darwen,http://www.theyworkforyou.com/mp/jake_berry/rossendale_and_darwen
10045,Clive,Betts,Labour,Sheffield South East,http://www.theyworkforyou.com/mp/clive_betts/sheffield_south_east
24748,Andrew,Bingham,Conservative,High Peak,http://www.theyworkforyou.com/mp/andrew_bingham/high_peak
11742,Brian,Binley,Conservative,Northampton South,http://www.theyworkforyou.com/mp/brian_binley/northampton_south
24793,Gordon,Birtwistle,Liberal Democrat,Burnley,http://www.theyworkforyou.com/mp/gordon_birtwistle/burnley
24945,Bob,Blackman,Conservative,Harrow East,http://www.theyworkforyou.com/mp/bob_blackman/harrow_east
11558,Roberta,Blackman-Woods,Labour,City of Durham,http://www.theyworkforyou.com/mp/roberta_blackman-woods/city_of_durham
24842,Nicola,Blackwood,Conservative,Oxford West and Abingdon,http://www.theyworkforyou.com/mp/nicola_blackwood/oxford_west_and_abingdon
10048,Hazel,Blears,Labour,Salford and Eccles,http://www.theyworkforyou.com/mp/hazel_blears/salford_and_eccles
24848,Tom,Blenkinsop,Labour,Middlesbrough South and East Cleveland,http://www.theyworkforyou.com/mp/tom_blenkinsop/middlesbrough_south_and_east_cleveland
24943,Paul,Blomfield,Labour,Sheffield Central,http://www.theyworkforyou.com/mp/paul_blomfield/sheffield_central
10050,David,Blunkett,Labour,"Sheffield, Brightside and Hillsborough",http://www.theyworkforyou.com/mp/david_blunkett/sheffield%2C_brightside_and_hillsborough
10051,Crispin,Blunt,Conservative,Reigate,http://www.theyworkforyou.com/mp/crispin_blunt/reigate
24766,Nicholas,Boles,Conservative,Grantham and Stamford,http://www.theyworkforyou.com/mp/nicholas_boles/grantham_and_stamford
11915,Peter,Bone,Conservative,Wellingborough,http://www.theyworkforyou.com/mp/peter_bone/wellingborough
10057,Peter,Bottomley,Conservative,Worthing West,http://www.theyworkforyou.com/mp/peter_bottomley/worthing_west
24725,Karen,Bradley,Conservative,Staffordshire Moorlands,http://www.theyworkforyou.com/mp/karen_bradley/staffordshire_moorlands
10061,Ben,Bradshaw,Labour,Exeter,http://www.theyworkforyou.com/mp/ben_bradshaw/exeter
10062,Graham,Brady,Conservative,Altrincham and Sale West,http://www.theyworkforyou.com/mp/graham_brady/altrincham_and_sale_west
10063,Tom,Brake,Liberal Democrat,Carshalton and Wallington,http://www.theyworkforyou.com/mp/tom_brake/carshalton_and_wallington
24952,Angie,Bray,Conservative,Ealing Central and Acton,http://www.theyworkforyou.com/mp/angie_bray/ealing_central_and_acton
10065,Julian,Brazier,Conservative,Canterbury,http://www.theyworkforyou.com/mp/julian_brazier/canterbury
10753,Kevin,Brennan,Labour,Cardiff West,http://www.theyworkforyou.com/mp/kevin_brennan/cardiff_west
24741,Andrew,Bridgen,Conservative,North West Leicestershire,http://www.theyworkforyou.com/mp/andrew_bridgen/north_west_leicestershire
24901,Steve,Brine,Conservative,Winchester,http://www.theyworkforyou.com/mp/steve_brine/winchester
11640,James,Brokenshire,Conservative,Old Bexley and Sidcup,http://www.theyworkforyou.com/mp/james_brokenshire/old_bexley_and_sidcup
10754,Annette,Brooke,Liberal Democrat,Mid Dorset and North Poole,http://www.theyworkforyou.com/mp/annette_brooke/mid_dorset_and_north_poole
10068,Gordon,Brown,Labour,Kirkcaldy and Cowdenbeath,http://www.theyworkforyou.com/mp/gordon_brown/kirkcaldy_and_cowdenbeath
11921,Lyn,Brown,Labour,West Ham,http://www.theyworkforyou.com/mp/lyn_brown/west_ham
10069,Nick,Brown,Labour,Newcastle upon Tyne East,http://www.theyworkforyou.com/mp/nick_brown/newcastle_upon_tyne_east
10070,Russell,Brown,Labour,Dumfries and Galloway,http://www.theyworkforyou.com/mp/russell_brown/dumfries_and_galloway
11869,Jeremy,Browne,Liberal Democrat,Taunton Deane,http://www.theyworkforyou.com/mp/jeremy_browne/taunton_deane
24857,Fiona,Bruce,Conservative,Congleton,http://www.theyworkforyou.com/mp/fiona_bruce/congleton
10074,Malcolm,Bruce,Liberal Democrat,Gordon,http://www.theyworkforyou.com/mp/malcolm_bruce/gordon
10761,Chris,Bryant,Labour,Rhondda,http://www.theyworkforyou.com/mp/chris_bryant/rhondda
10075,Karen,Buck,Labour,Westminster North,http://www.theyworkforyou.com/mp/karen_buck/westminster_north
24843,Robert,Buckland,Conservative,South Swindon,http://www.theyworkforyou.com/mp/robert_buckland/south_swindon
10076,Richard,Burden,Labour,"Birmingham, Northfield",http://www.theyworkforyou.com/mp/richard_burden/birmingham%2C_northfield
24844,Aidan,Burley,Conservative,Cannock Chase,http://www.theyworkforyou.com/mp/aidan_burley/cannock_chase
10766,Andy,Burnham,Labour,Leigh,http://www.theyworkforyou.com/mp/andy_burnham/leigh
24780,Conor,Burns,Conservative,Bournemouth West,http://www.theyworkforyou.com/mp/conor_burns/bournemouth_west
10079,Simon,Burns,Conservative,Chelmsford,http://www.theyworkforyou.com/mp/simon_burns/chelmsford
11573,David,Burrowes,Conservative,"Enfield, Southgate",http://www.theyworkforyou.com/mp/david_burrowes/enfield%2C_southgate
10080,Paul,Burstow,Liberal Democrat,Sutton and Cheam,http://www.theyworkforyou.com/mp/paul_burstow/sutton_and_cheam
10770,Alistair,Burt,Conservative,North East Bedfordshire,http://www.theyworkforyou.com/mp/alistair_burt/north_east_bedfordshire
11823,Lorely,Burt,Liberal Democrat,Solihull,http://www.theyworkforyou.com/mp/lorely_burt/solihull
24849,Dan,Byles,Conservative,North Warwickshire,http://www.theyworkforyou.com/mp/dan_byles/north_warwickshire
11360,Liam,Byrne,Labour,"Birmingham, Hodge Hill",http://www.theyworkforyou.com/mp/liam_byrne/birmingham%2C_hodge_hill
10084,Vincent,Cable,Liberal Democrat,Twickenham,http://www.theyworkforyou.com/mp/vincent_cable/twickenham
24740,Alun,Cairns,Conservative,Vale of Glamorgan,http://www.theyworkforyou.com/mp/alun_cairns/vale_of_glamorgan
10775,David,Cairns,Labour,Inverclyde,http://www.theyworkforyou.com/mp/david_cairns/inverclyde
10777,David,Cameron,Conservative,Witney,http://www.theyworkforyou.com/mp/david_cameron/witney
10086,Alan,Campbell,Labour,Tynemouth,http://www.theyworkforyou.com/mp/alan_campbell/tynemouth
10780,Gregory,Campbell,DUP,East Londonderry,http://www.theyworkforyou.com/mp/gregory_campbell/east_londonderry
10088,Menzies,Campbell,Liberal Democrat,North East Fife,http://www.theyworkforyou.com/mp/menzies_campbell/north_east_fife
10089,Ronnie,Campbell,Labour,Blyth Valley,http://www.theyworkforyou.com/mp/ronnie_campbell/blyth_valley
10785,Alistair,Carmichael,Liberal Democrat,Orkney and Shetland,http://www.theyworkforyou.com/mp/alistair_carmichael/orkney_and_shetland
24840,Neil,Carmichael,Conservative,Stroud,http://www.theyworkforyou.com/mp/neil_carmichael/stroud
11621,Douglas,Carswell,Conservative,Clacton,http://www.theyworkforyou.com/mp/douglas_carswell/clacton
10095,William,Cash,Conservative,Stone,http://www.theyworkforyou.com/mp/william_cash/stone
10096,Martin,Caton,Labour,Gower,http://www.theyworkforyou.com/mp/martin_caton/gower
24711,Jenny,Chapman,Labour,Darlington,http://www.theyworkforyou.com/mp/jenny_chapman/darlington
24920,Rehman,Chishti,Conservative,Gillingham and Rainham,http://www.theyworkforyou.com/mp/rehman_chishti/gillingham_and_rainham
10103,Christopher,Chope,Conservative,Christchurch,http://www.theyworkforyou.com/mp/christopher_chope/christchurch
10106,James,Clappison,Conservative,Hertsmere,http://www.theyworkforyou.com/mp/james_clappison/hertsmere
11884,Greg,Clark,Conservative,Tunbridge Wells,http://www.theyworkforyou.com/mp/greg_clark/tunbridge_wells
11963,Katy,Clark,Labour,North Ayrshire and Arran,http://www.theyworkforyou.com/mp/katy_clark/north_ayrshire_and_arran
10115,Kenneth,Clarke,Conservative,Rushcliffe,http://www.theyworkforyou.com/mp/kenneth_clarke/rushcliffe
10116,Tom,Clarke,Labour,"Coatbridge, Chryston and Bellshill",http://www.theyworkforyou.com/mp/tom_clarke/coatbridge%2C_chryston_and_bellshill
11812,Nicholas,Clegg,Liberal Democrat,"Sheffield, Hallam",http://www.theyworkforyou.com/mp/nicholas_clegg/sheffield%2C_hallam
10119,Geoffrey,Clifton-Brown,Conservative,The Cotswolds,http://www.theyworkforyou.com/mp/geoffrey_clifton-brown/the_cotswolds
10120,Ann,Clwyd,Labour,Cynon Valley,http://www.theyworkforyou.com/mp/ann_clwyd/cynon_valley
10121,Vernon,Coaker,Labour,Gedling,http://www.theyworkforyou.com/mp/vernon_coaker/gedling
10122,Ann,Coffey,Labour,Stockport,http://www.theyworkforyou.com/mp/ann_coffey/stockport
24771,Therese,Coffey,Conservative,Suffolk Coastal,http://www.theyworkforyou.com/mp/therese_coffey/suffolk_coastal
24744,Damian,Collins,Conservative,Folkestone and Hythe,http://www.theyworkforyou.com/mp/damian_collins/folkestone_and_hythe
24898,Oliver,Colvile,Conservative,"Plymouth, Sutton and Devonport",http://www.theyworkforyou.com/mp/oliver_colvile/plymouth%2C_sutton_and_devonport
10128,Michael,Connarty,Labour,Linlithgow and East Falkirk,http://www.theyworkforyou.com/mp/michael_connarty/linlithgow_and_east_falkirk
11667,Rosie,Cooper,Labour,West Lancashire,http://www.theyworkforyou.com/mp/rosie_cooper/west_lancashire
10131,Yvette,Cooper,Labour,"Normanton, Pontefract and Castleford",http://www.theyworkforyou.com/mp/yvette_cooper/normanton%2C_pontefract_and_castleford
10133,Jeremy,Corbyn,Labour,Islington North,http://www.theyworkforyou.com/mp/jeremy_corbyn/islington_north
11541,Geoffrey,Cox,Conservative,Torridge and West Devon,http://www.theyworkforyou.com/mp/geoffrey_cox/torridge_and_west_devon
11768,Stephen,Crabb,Conservative,Preseli Pembrokeshire,http://www.theyworkforyou.com/mp/stephen_crabb/preseli_pembrokeshire
10141,David,Crausby,Labour,Bolton North East,http://www.theyworkforyou.com/mp/david_crausby/bolton_north_east
11898,Mary,Creagh,Labour,Wakefield,http://www.theyworkforyou.com/mp/mary_creagh/wakefield
24949,Stella,Creasy,Labour,Walthamstow,http://www.theyworkforyou.com/mp/stella_creasy/walthamstow
24794,Michael,Crockart,Liberal Democrat,Edinburgh West,http://www.theyworkforyou.com/mp/michael_crockart/edinburgh_west
24871,Tracey,Crouch,Conservative,Chatham and Aylesford,http://www.theyworkforyou.com/mp/tracey_crouch/chatham_and_aylesford
10828,Jon,Cruddas,Labour,Dagenham and Rainham,http://www.theyworkforyou.com/mp/jon_cruddas/dagenham_and_rainham
10143,John,Cryer,Labour,Leyton and Wanstead,http://www.theyworkforyou.com/mp/john_cryer/leyton_and_wanstead
24742,Alex,Cunningham,Labour,Stockton North,http://www.theyworkforyou.com/mp/alex_cunningham/stockton_north
10147,Jim,Cunningham,Labour,Coventry South,http://www.theyworkforyou.com/mp/jim_cunningham/coventry_south
10834,Tony,Cunningham,Labour,Workington,http://www.theyworkforyou.com/mp/tony_cunningham/workington
24734,Margaret,Curran,Labour,Glasgow East,http://www.theyworkforyou.com/mp/margaret_curran/glasgow_east
24798,Nicholas,Dakin,Labour,Scunthorpe,http://www.theyworkforyou.com/mp/nicholas_dakin/scunthorpe
24808,Simon,Danczuk,Labour,Rochdale,http://www.theyworkforyou.com/mp/simon_danczuk/rochdale
10153,Alistair,Darling,Labour,Edinburgh South West,http://www.theyworkforyou.com/mp/alistair_darling/edinburgh_south_west
10155,Edward,Davey,Liberal Democrat,Kingston and Surbiton,http://www.theyworkforyou.com/mp/edward_davey/kingston_and_surbiton
10842,Wayne,David,Labour,Caerphilly,http://www.theyworkforyou.com/mp/wayne_david/caerphilly
10157,Ian,Davidson,Labour,Glasgow South West,http://www.theyworkforyou.com/mp/ian_davidson/glasgow_south_west
11719,David,Davies,Conservative,Monmouth,http://www.theyworkforyou.com/mp/david_davies/monmouth
10159,Geraint,Davies,Labour,Swansea West,http://www.theyworkforyou.com/mp/geraint_davies/swansea_west
24739,Glyn,Davies,Conservative,Montgomeryshire,http://www.theyworkforyou.com/mp/glyn_davies/montgomeryshire
11816,Philip,Davies,Conservative,Shipley,http://www.theyworkforyou.com/mp/philip_davies/shipley
10162,David,Davis,Conservative,Haltemprice and Howden,http://www.theyworkforyou.com/mp/david_davis/haltemprice_and_howden
24859,Nick,de Bois,Conservative,Enfield North,http://www.theyworkforyou.com/mp/nick_de_bois/enfield_north
24811,Gloria,De Piero,Labour,Ashfield,http://www.theyworkforyou.com/mp/gloria_de_piero/ashfield
10167,John,Denham,Labour,"Southampton, Itchen",http://www.theyworkforyou.com/mp/john_denham/southampton%2C_itchen
24873,Caroline,Dinenage,Conservative,Gosport,http://www.theyworkforyou.com/mp/caroline_dinenage/gosport
10854,Jonathan,Djanogly,Conservative,Huntingdon,http://www.theyworkforyou.com/mp/jonathan_djanogly/huntingdon
10170,Jim,Dobbin,Labour,Heywood and Middleton,http://www.theyworkforyou.com/mp/jim_dobbin/heywood_and_middleton
10171,Frank,Dobson,Labour,Holborn and St Pancras,http://www.theyworkforyou.com/mp/frank_dobson/holborn_and_st_pancras
24730,Thomas,Docherty,Labour,Dunfermline and West Fife,http://www.theyworkforyou.com/mp/thomas_docherty/dunfermline_and_west_fife
10857,Nigel,Dodds,DUP,Belfast North,http://www.theyworkforyou.com/mp/nigel_dodds/belfast_north
10858,Pat,Doherty,Sinn Fein,West Tyrone,http://www.theyworkforyou.com/mp/pat_doherty/west_tyrone
10172,Jeffrey M,Donaldson,DUP,Lagan Valley,http://www.theyworkforyou.com/mp/jeffrey_m_donaldson/lagan_valley
10173,Brian H,Donohoe,Labour,Central Ayrshire,http://www.theyworkforyou.com/mp/brian_h_donohoe/central_ayrshire
10174,Frank,Doran,Labour,Aberdeen North,http://www.theyworkforyou.com/mp/frank_doran/aberdeen_north
10175,Stephen,Dorrell,Conservative,Charnwood,http://www.theyworkforyou.com/mp/stephen_dorrell/charnwood
11397,Nadine,Dorries,Conservative,Mid Bedfordshire,http://www.theyworkforyou.com/mp/nadine_dorries/mid_bedfordshire
10176,Jim,Dowd,Labour,Lewisham West and Penge,http://www.theyworkforyou.com/mp/jim_dowd/lewisham_west_and_penge
24918,Gemma,Doyle,Labour,West Dunbartonshire,http://www.theyworkforyou.com/mp/gemma_doyle/west_dunbartonshire
24957,Jackie,Doyle-Price,Conservative,Thurrock,http://www.theyworkforyou.com/mp/jackie_doyle-price/thurrock
24903,Richard,Drax,Conservative,South Dorset,http://www.theyworkforyou.com/mp/richard_drax/south_dorset
24825,Jack,Dromey,Labour,"Birmingham, Erdington",http://www.theyworkforyou.com/mp/jack_dromey/birmingham%2C_erdington
11785,James,Duddridge,Conservative,Rochford and Southend East,http://www.theyworkforyou.com/mp/james_duddridge/rochford_and_southend_east
24762,Michael,Dugher,Labour,Barnsley East,http://www.theyworkforyou.com/mp/michael_dugher/barnsley_east
10179,Alan,Duncan,Conservative,Rutland and Melton,http://www.theyworkforyou.com/mp/alan_duncan/rutland_and_melton
10180,Iain,Duncan Smith,Conservative,Chingford and Woodford Green,http://www.theyworkforyou.com/mp/iain_duncan_smith/chingford_and_woodford_green
11696,Philip,Dunne,Conservative,Ludlow,http://www.theyworkforyou.com/mp/philip_dunne/ludlow
11589,Mark,Durkan,Social Democratic and Labour Party,Foyle,http://www.theyworkforyou.com/mp/mark_durkan/foyle
10182,Angela,Eagle,Labour,Wallasey,http://www.theyworkforyou.com/mp/angela_eagle/wallasey
10183,Maria,Eagle,Labour,Garston and Halewood,http://www.theyworkforyou.com/mp/maria_eagle/garston_and_halewood
24743,Jonathan,Edwards,Plaid Cymru,Carmarthen East and Dinefwr,http://www.theyworkforyou.com/mp/jonathan_edwards/carmarthen_east_and_dinefwr
10185,Clive,Efford,Labour,Eltham,http://www.theyworkforyou.com/mp/clive_efford/eltham
24710,Julie,Elliott,Labour,Sunderland Central,http://www.theyworkforyou.com/mp/julie_elliott/sunderland_central
24866,Michael,Ellis,Conservative,Northampton North,http://www.theyworkforyou.com/mp/michael_ellis/northampton_north
24719,Jane,Ellison,Conservative,Battersea,http://www.theyworkforyou.com/mp/jane_ellison/battersea
10186,Louise,Ellman,Labour,"Liverpool, Riverside",http://www.theyworkforyou.com/mp/louise_ellman/liverpool%2C_riverside
11437,Tobias,Ellwood,Conservative,Bournemouth East,http://www.theyworkforyou.com/mp/tobias_ellwood/bournemouth_east
24777,Charlie,Elphicke,Conservative,Dover,http://www.theyworkforyou.com/mp/charlie_elphicke/dover
11534,Natascha,Engel,Labour,North East Derbyshire,http://www.theyworkforyou.com/mp/natascha_engel/north_east_derbyshire
24905,Bill,Esterson,Labour,Sefton Central,http://www.theyworkforyou.com/mp/bill_esterson/sefton_central
24933,George,Eustice,Conservative,Camborne and Redruth,http://www.theyworkforyou.com/mp/george_eustice/camborne_and_redruth
24721,Chris,Evans,Labour,Islwyn,http://www.theyworkforyou.com/mp/chris_evans/islwyn
24883,Graham,Evans,Conservative,Weaver Vale,http://www.theyworkforyou.com/mp/graham_evans/weaver_vale
22650,Jonathan,Evans,Conservative,Cardiff North,http://www.theyworkforyou.com/mp/jonathan_evans/cardiff_north
10190,Nigel,Evans,Conservative,Ribble Valley,http://www.theyworkforyou.com/mp/nigel_evans/ribble_valley
11408,David,Evennett,Conservative,Bexleyheath and Crayford,http://www.theyworkforyou.com/mp/david_evennett/bexleyheath_and_crayford
10193,Michael,Fabricant,Conservative,Lichfield,http://www.theyworkforyou.com/mp/michael_fabricant/lichfield
10194,Michael,Fallon,Conservative,Sevenoaks,http://www.theyworkforyou.com/mp/michael_fallon/sevenoaks
10882,Paul,Farrelly,Labour,Newcastle-under-Lyme,http://www.theyworkforyou.com/mp/paul_farrelly/newcastle-under-lyme
11923,Tim,Farron,Liberal Democrat,Westmorland and Lonsdale,http://www.theyworkforyou.com/mp/tim_farron/westmorland_and_lonsdale
11641,Lynne,Featherstone,Liberal Democrat,Hornsey and Wood Green,http://www.theyworkforyou.com/mp/lynne_featherstone/hornsey_and_wood_green
10197,Frank,Field,Labour,Birkenhead,http://www.theyworkforyou.com/mp/frank_field/birkenhead
10884,Mark,Field,Conservative,Cities of London and Westminster,http://www.theyworkforyou.com/mp/mark_field/cities_of_london_and_westminster
10199,Jim,Fitzpatrick,Labour,Poplar and Limehouse,http://www.theyworkforyou.com/mp/jim_fitzpatrick/poplar_and_limehouse
11843,Robert,Flello,Labour,Stoke-on-Trent South,http://www.theyworkforyou.com/mp/robert_flello/stoke-on-trent_south
10202,Caroline,Flint,Labour,Don Valley,http://www.theyworkforyou.com/mp/caroline_flint/don_valley
10203,Paul,Flynn,Labour,Newport West,http://www.theyworkforyou.com/mp/paul_flynn/newport_west
10208,Don,Foster,Liberal Democrat,Bath,http://www.theyworkforyou.com/mp/don_foster/bath
24805,Yvonne,Fovargue,Labour,Makerfield,http://www.theyworkforyou.com/mp/yvonne_fovargue/makerfield
10213,Liam,Fox,Conservative,North Somerset,http://www.theyworkforyou.com/mp/liam_fox/north_somerset
10900,Hywel,Francis,Labour,Aberavon,http://www.theyworkforyou.com/mp/hywel_francis/aberavon
10901,Mark,Francois,Conservative,Rayleigh and Wickford,http://www.theyworkforyou.com/mp/mark_francois/rayleigh_and_wickford
24817,George,Freeman,Conservative,Mid Norfolk,http://www.theyworkforyou.com/mp/george_freeman/mid_norfolk
24934,Mike,Freer,Conservative,Finchley and Golders Green,http://www.theyworkforyou.com/mp/mike_freer/finchley_and_golders_green
24801,Lorraine,Fullbrook,Conservative,South Ribble,http://www.theyworkforyou.com/mp/lorraine_fullbrook/south_ribble
24787,Richard,Fuller,Conservative,Bedford,http://www.theyworkforyou.com/mp/richard_fuller/bedford
10217,Roger,Gale,Conservative,North Thanet,http://www.theyworkforyou.com/mp/roger_gale/north_thanet
10219,Mike,Gapes,Labour,Ilford South,http://www.theyworkforyou.com/mp/mike_gapes/ilford_south
10220,Barry,Gardiner,Labour,Brent North,http://www.theyworkforyou.com/mp/barry_gardiner/brent_north
10221,Edward,Garnier,Conservative,Harborough,http://www.theyworkforyou.com/mp/edward_garnier/harborough
24824,Mark,Garnier,Conservative,Wyre Forest,http://www.theyworkforyou.com/mp/mark_garnier/wyre_forest
11633,David,Gauke,Conservative,South West Hertfordshire,http://www.theyworkforyou.com/mp/david_gauke/south_west_hertfordshire
10222,Andrew,George,Liberal Democrat,St Ives,http://www.theyworkforyou.com/mp/andrew_george/st_ives
10225,Nick,Gibb,Conservative,Bognor Regis and Littlehampton,http://www.theyworkforyou.com/mp/nick_gibb/bognor_regis_and_littlehampton
24928,Stephen,Gilbert,Liberal Democrat,St Austell and Newquay,http://www.theyworkforyou.com/mp/stephen_gilbert/st_austell_and_newquay
10913,Michelle,Gildernew,Sinn Fein,Fermanagh and South Tyrone,http://www.theyworkforyou.com/mp/michelle_gildernew/fermanagh_and_south_tyrone
10228,Cheryl,Gillan,Conservative,Chesham and Amersham,http://www.theyworkforyou.com/mp/cheryl_gillan/chesham_and_amersham
24763,Sheila,Gilmore,Labour,Edinburgh East,http://www.theyworkforyou.com/mp/sheila_gilmore/edinburgh_east
24917,Pat,Glass,Labour,North West Durham,http://www.theyworkforyou.com/mp/pat_glass/north_west_durham
24839,John,Glen,Conservative,Salisbury,http://www.theyworkforyou.com/mp/john_glen/salisbury
24927,Mary,Glindon,Labour,North Tyneside,http://www.theyworkforyou.com/mp/mary_glindon/north_tyneside
10231,Roger,Godsiff,Labour,"Birmingham, Hall Green",http://www.theyworkforyou.com/mp/roger_godsiff/birmingham%2C_hall_green
10232,Paul,Goggins,Labour,Wythenshawe and Sale East,http://www.theyworkforyou.com/mp/paul_goggins/wythenshawe_and_sale_east
24911,Zac,Goldsmith,Conservative,Richmond Park,http://www.theyworkforyou.com/mp/zac_goldsmith/richmond_park
11421,Helen,Goodman,Labour,Bishop Auckland,http://www.theyworkforyou.com/mp/helen_goodman/bishop_auckland
11804,Robert,Goodwill,Conservative,Scarborough and Whitby,http://www.theyworkforyou.com/mp/robert_goodwill/scarborough_and_whitby
11858,Michael,Gove,Conservative,Surrey Heath,http://www.theyworkforyou.com/mp/michael_gove/surrey_heath
24921,Richard,Graham,Conservative,Gloucester,http://www.theyworkforyou.com/mp/richard_graham/gloucester
24796,Helen,Grant,Conservative,Maidstone and The Weald,http://www.theyworkforyou.com/mp/helen_grant/maidstone_and_the_weald
10240,James,Gray,Conservative,North Wiltshire,http://www.theyworkforyou.com/mp/james_gray/north_wiltshire
10920,Chris,Grayling,Conservative,Epsom and Ewell,http://www.theyworkforyou.com/mp/chris_grayling/epsom_and_ewell
24714,Tom,Greatrex,Labour,Rutherglen and Hamilton West,http://www.theyworkforyou.com/mp/tom_greatrex/rutherglen_and_hamilton_west
10241,Damian,Green,Conservative,Ashford,http://www.theyworkforyou.com/mp/damian_green/ashford
24896,Kate,Green,Labour,Stretford and Urmston,http://www.theyworkforyou.com/mp/kate_green/stretford_and_urmston
11771,Justine,Greening,Conservative,Putney,http://www.theyworkforyou.com/mp/justine_greening/putney
24774,Lilian,Greenwood,Labour,Nottingham South,http://www.theyworkforyou.com/mp/lilian_greenwood/nottingham_south
10243,Dominic,Grieve,Conservative,Beaconsfield,http://www.theyworkforyou.com/mp/dominic_grieve/beaconsfield
11692,Nia,Griffith,Labour,Llanelli,http://www.theyworkforyou.com/mp/nia_griffith/llanelli
24826,Andrew,Griffiths,Conservative,Burton,http://www.theyworkforyou.com/mp/andrew_griffiths/burton
24922,Ben,Gummer,Conservative,Ipswich,http://www.theyworkforyou.com/mp/ben_gummer/ipswich
11531,Andrew,Gwynne,Labour,Denton and Reddish,http://www.theyworkforyou.com/mp/andrew_gwynne/denton_and_reddish
24789,Sam,Gyimah,Conservative,East Surrey,http://www.theyworkforyou.com/mp/sam_gyimah/east_surrey
10251,William,Hague,Conservative,Richmond (Yorks),http://www.theyworkforyou.com/mp/william_hague/richmond_%28yorks%29
10252,Peter,Hain,Labour,Neath,http://www.theyworkforyou.com/mp/peter_hain/neath
24784,Robert,Halfon,Conservative,Harlow,http://www.theyworkforyou.com/mp/robert_halfon/harlow
24865,Duncan,Hames,Liberal Democrat,Chippenham,http://www.theyworkforyou.com/mp/duncan_hames/chippenham
10934,David,Hamilton,Labour,Midlothian,http://www.theyworkforyou.com/mp/david_hamilton/midlothian
10256,Fabian,Hamilton,Labour,Leeds North East,http://www.theyworkforyou.com/mp/fabian_hamilton/leeds_north_east
10257,Philip,Hammond,Conservative,Runnymede and Weybridge,http://www.theyworkforyou.com/mp/philip_hammond/runnymede_and_weybridge
11927,Stephen,Hammond,Conservative,Wimbledon,http://www.theyworkforyou.com/mp/stephen_hammond/wimbledon
24773,Matthew,Hancock,Conservative,West Suffolk,http://www.theyworkforyou.com/mp/matthew_hancock/west_suffolk
10258,Mike,Hancock,Liberal Democrat,Portsmouth South,http://www.theyworkforyou.com/mp/mike_hancock/portsmouth_south
11610,Greg,Hands,Conservative,Chelsea and Fulham,http://www.theyworkforyou.com/mp/greg_hands/chelsea_and_fulham
10259,David,Hanson,Labour,Delyn,http://www.theyworkforyou.com/mp/david_hanson/delyn
10260,Harriet,Harman,Labour,Camberwell and Peckham,http://www.theyworkforyou.com/mp/harriet_harman/camberwell_and_peckham
11588,Mark,Harper,Conservative,Forest of Dean,http://www.theyworkforyou.com/mp/mark_harper/forest_of_dean
24954,Richard,Harrington,Conservative,Watford,http://www.theyworkforyou.com/mp/richard_harrington/watford
24731,Rebecca,Harris,Conservative,Castle Point,http://www.theyworkforyou.com/mp/rebecca_harris/castle_point
10941,Tom,Harris,Labour,Glasgow South,http://www.theyworkforyou.com/mp/tom_harris/glasgow_south
24813,Simon,Hart,Conservative,Carmarthen West and South Pembrokeshire,http://www.theyworkforyou.com/mp/simon_hart/carmarthen_west_and_south_pembrokeshire
10262,Nick,Harvey,Liberal Democrat,North Devon,http://www.theyworkforyou.com/mp/nick_harvey/north_devon
10263,Alan,Haselhurst,Conservative,Saffron Walden,http://www.theyworkforyou.com/mp/alan_haselhurst/saffron_walden
10944,Dai,Havard,Labour,Merthyr Tydfil and Rhymney,http://www.theyworkforyou.com/mp/dai_havard/merthyr_tydfil_and_rhymney
10265,John,Hayes,Conservative,South Holland and The Deepings,http://www.theyworkforyou.com/mp/john_hayes/south_holland_and_the_deepings
10267,Oliver,Heald,Conservative,North East Hertfordshire,http://www.theyworkforyou.com/mp/oliver_heald/north_east_hertfordshire
10268,John,Healey,Labour,Wentworth and Dearne,http://www.theyworkforyou.com/mp/john_healey/wentworth_and_dearne
10269,David,Heath,Liberal Democrat,Somerton and Frome,http://www.theyworkforyou.com/mp/david_heath/somerton_and_frome
24841,Chris,Heaton-Harris,Conservative,Daventry,http://www.theyworkforyou.com/mp/chris_heaton-harris/daventry
11420,John,Hemming,Liberal Democrat,"Birmingham, Yardley",http://www.theyworkforyou.com/mp/john_hemming/birmingham%2C_yardley
24828,Gordon,Henderson,Conservative,Sittingbourne and Sheppey,http://www.theyworkforyou.com/mp/gordon_henderson/sittingbourne_and_sheppey
10682,Mark,Hendrick,Labour,Preston,http://www.theyworkforyou.com/mp/mark_hendrick/preston
10955,Charles,Hendry,Conservative,Wealden,http://www.theyworkforyou.com/mp/charles_hendry/wealden
10274,Stephen,Hepburn,Labour,Jarrow,http://www.theyworkforyou.com/mp/stephen_hepburn/jarrow
11377,Nick,Herbert,Conservative,Arundel and South Downs,http://www.theyworkforyou.com/mp/nick_herbert/arundel_and_south_downs
10958,Lady,Hermon,Independent,North Down,http://www.theyworkforyou.com/mp/lady_hermon/north_down
10961,David,Heyes,Labour,Ashton-under-Lyne,http://www.theyworkforyou.com/mp/david_heyes/ashton-under-lyne
11605,Meg,Hillier,Labour,Hackney South and Shoreditch,http://www.theyworkforyou.com/mp/meg_hillier/hackney_south_and_shoreditch
24881,Julie,Hilling,Labour,Bolton West,http://www.theyworkforyou.com/mp/julie_hilling/bolton_west
24782,Damian,Hinds,Conservative,East Hampshire,http://www.theyworkforyou.com/mp/damian_hinds/east_hampshire
10964,Mark,Hoban,Conservative,Fareham,http://www.theyworkforyou.com/mp/mark_hoban/fareham
10281,Margaret,Hodge,Labour,Barking,http://www.theyworkforyou.com/mp/margaret_hodge/barking
11592,Sharon,Hodgson,Labour,Washington and Sunderland West,http://www.theyworkforyou.com/mp/sharon_hodgson/washington_and_sunderland_west
10282,Kate,Hoey,Labour,Vauxhall,http://www.theyworkforyou.com/mp/kate_hoey/vauxhall
24936,George,Hollingbery,Conservative,Meon Valley,http://www.theyworkforyou.com/mp/george_hollingbery/meon_valley
11661,Philip,Hollobone,Conservative,Kettering,http://www.theyworkforyou.com/mp/philip_hollobone/kettering
11599,Adam,Holloway,Conservative,Gravesham,http://www.theyworkforyou.com/mp/adam_holloway/gravesham
10285,Jimmy,Hood,Labour,Lanark and Hamilton East,http://www.theyworkforyou.com/mp/jimmy_hood/lanark_and_hamilton_east
10288,Kelvin,Hopkins,Labour,Luton North,http://www.theyworkforyou.com/mp/kelvin_hopkins/luton_north
24923,Kris,Hopkins,Conservative,Keighley,http://www.theyworkforyou.com/mp/kris_hopkins/keighley
11494,Martin,Horwood,Liberal Democrat,Cheltenham,http://www.theyworkforyou.com/mp/martin_horwood/cheltenham
11973,Stewart,Hosie,Scottish National Party,Dundee East,http://www.theyworkforyou.com/mp/stewart_hosie/dundee_east
10292,George,Howarth,Labour,Knowsley,http://www.theyworkforyou.com/mp/george_howarth/knowsley
10293,Gerald,Howarth,Conservative,Aldershot,http://www.theyworkforyou.com/mp/gerald_howarth/aldershot
14131,John,Howell,Conservative,Henley,http://www.theyworkforyou.com/mp/john_howell/henley
10295,Lindsay,Hoyle,Labour,Chorley,http://www.theyworkforyou.com/mp/lindsay_hoyle/chorley
10298,Simon,Hughes,Liberal Democrat,Bermondsey and Old Southwark,http://www.theyworkforyou.com/mp/simon_hughes/bermondsey_and_old_southwark
11565,Christopher,Huhne,Liberal Democrat,Eastleigh,http://www.theyworkforyou.com/mp/christopher_huhne/eastleigh
11859,Jeremy,Hunt,Conservative,South West Surrey,http://www.theyworkforyou.com/mp/jeremy_hunt/south_west_surrey
24850,Tristram,Hunt,Labour,Stoke-on-Trent Central,http://www.theyworkforyou.com/mp/tristram_hunt/stoke-on-trent_central
12016,Mark,Hunter,Liberal Democrat,Cheadle,http://www.theyworkforyou.com/mp/mark_hunter/cheadle
24892,Julian,Huppert,Liberal Democrat,Cambridge,http://www.theyworkforyou.com/mp/julian_huppert/cambridge
11792,Nick,Hurd,Conservative,"Ruislip, Northwood and Pinner",http://www.theyworkforyou.com/mp/nick_hurd/ruislip%2C_northwood_and_pinner
11347,Huw,Irranca-Davies,Labour,Ogmore,http://www.theyworkforyou.com/mp/huw_irranca-davies/ogmore
10308,Glenda,Jackson,Labour,Hampstead and Kilburn,http://www.theyworkforyou.com/mp/glenda_jackson/hampstead_and_kilburn
11759,Stewart,Jackson,Conservative,Peterborough,http://www.theyworkforyou.com/mp/stewart_jackson/peterborough
24876,Margot,James,Conservative,Stourbridge,http://www.theyworkforyou.com/mp/margot_james/stourbridge
11863,Siân,James,Labour,Swansea East,http://www.theyworkforyou.com/mp/sian_james/swansea_east
24726,Cathy,Jamieson,Labour,Kilmarnock and Loudoun,http://www.theyworkforyou.com/mp/cathy_jamieson/kilmarnock_and_loudoun
25067,Dan,Jarvis,Labour,Barnsley Central,http://www.theyworkforyou.com/mp/dan_jarvis/barnsley_central
24854,Sajid,Javid,Conservative,Bromsgrove,http://www.theyworkforyou.com/mp/sajid_javid/bromsgrove
10312,Bernard,Jenkin,Conservative,Harwich and North Essex,http://www.theyworkforyou.com/mp/bernard_jenkin/harwich_and_north_essex
10314,Alan,Johnson,Labour,Kingston upon Hull West and Hessle,http://www.theyworkforyou.com/mp/alan_johnson/kingston_upon_hull_west_and_hessle
11647,Diana,Johnson,Labour,Kingston upon Hull North,http://www.theyworkforyou.com/mp/diana_johnson/kingston_upon_hull_north
24803,Gareth,Johnson,Conservative,Dartford,http://www.theyworkforyou.com/mp/gareth_johnson/dartford
24895,Jo,Johnson,Conservative,Orpington,http://www.theyworkforyou.com/mp/jo_johnson/orpington
24758,Andrew,Jones,Conservative,Harrogate and Knaresborough,http://www.theyworkforyou.com/mp/andrew_jones/harrogate_and_knaresborough
11506,David,Jones,Conservative,Clwyd West,http://www.theyworkforyou.com/mp/david_jones/clwyd_west
24835,Graham,Jones,Labour,Hyndburn,http://www.theyworkforyou.com/mp/graham_jones/hyndburn
10319,Helen,Jones,Labour,Warrington North,http://www.theyworkforyou.com/mp/helen_jones/warrington_north
11003,Kevan,Jones,Labour,North Durham,http://www.theyworkforyou.com/mp/kevan_jones/north_durham
24745,Marcus,Jones,Conservative,Nuneaton,http://www.theyworkforyou.com/mp/marcus_jones/nuneaton
24720,Susan Elan,Jones,Labour,Clwyd South,http://www.theyworkforyou.com/mp/susan_elan_jones/clwyd_south
10326,Tessa,Jowell,Labour,Dulwich and West Norwood,http://www.theyworkforyou.com/mp/tessa_jowell/dulwich_and_west_norwood
10685,Eric,Joyce,Labour,Falkirk,http://www.theyworkforyou.com/mp/eric_joyce/falkirk
10327,Gerald,Kaufman,Labour,"Manchester, Gorton",http://www.theyworkforyou.com/mp/gerald_kaufman/manchester%2C_gorton
11817,Daniel,Kawczynski,Conservative,Shrewsbury and Atcham,http://www.theyworkforyou.com/mp/daniel_kawczynski/shrewsbury_and_atcham
11943,Barbara,Keeley,Labour,Worsley and Eccles South,http://www.theyworkforyou.com/mp/barbara_keeley/worsley_and_eccles_south
10329,Alan,Keen,Labour,Feltham and Heston,http://www.theyworkforyou.com/mp/alan_keen/feltham_and_heston
24838,Chris,Kelly,Conservative,Dudley South,http://www.theyworkforyou.com/mp/chris_kelly/dudley_south
24816,Liz,Kendall,Labour,Leicester West,http://www.theyworkforyou.com/mp/liz_kendall/leicester_west
10334,Charles,Kennedy,Liberal Democrat,"Ross, Skye and Lochaber",http://www.theyworkforyou.com/mp/charles_kennedy/ross%2C_skye_and_lochaber
11878,Sadiq,Khan,Labour,Tooting,http://www.theyworkforyou.com/mp/sadiq_khan/tooting
24900,Simon,Kirby,Conservative,"Brighton, Kemptown",http://www.theyworkforyou.com/mp/simon_kirby/brighton%2C_kemptown
11026,Greg,Knight,Conservative,East Yorkshire,http://www.theyworkforyou.com/mp/greg_knight/east_yorkshire
24770,Kwasi,Kwarteng,Conservative,Spelthorne,http://www.theyworkforyou.com/mp/kwasi_kwarteng/spelthorne
10348,Eleanor,Laing,Conservative,Epping Forest,http://www.theyworkforyou.com/mp/eleanor_laing/epping_forest
11032,Norman,Lamb,Liberal Democrat,North Norfolk,http://www.theyworkforyou.com/mp/norman_lamb/north_norfolk
10678,David,Lammy,Labour,Tottenham,http://www.theyworkforyou.com/mp/david_lammy/tottenham
11715,Mark,Lancaster,Conservative,Milton Keynes North,http://www.theyworkforyou.com/mp/mark_lancaster/milton_keynes_north
10349,Andrew,Lansley,Conservative,South Cambridgeshire,http://www.theyworkforyou.com/mp/andrew_lansley/south_cambridgeshire
24821,Pauline,Latham,Conservative,Mid Derbyshire,http://www.theyworkforyou.com/mp/pauline_latham/mid_derbyshire
24963,Ian,Lavery,Labour,Wansbeck,http://www.theyworkforyou.com/mp/ian_lavery/wansbeck
11036,David,Laws,Liberal Democrat,Yeovil,http://www.theyworkforyou.com/mp/david_laws/yeovil
11038,Mark,Lazarowicz,Labour,Edinburgh North and Leith,http://www.theyworkforyou.com/mp/mark_lazarowicz/edinburgh_north_and_leith
24829,Andrea,Leadsom,Conservative,South Northamptonshire,http://www.theyworkforyou.com/mp/andrea_leadsom/south_northamptonshire
24757,Jessica,Lee,Conservative,Erewash,http://www.theyworkforyou.com/mp/jessica_lee/erewash
24765,Phillip,Lee,Conservative,Bracknell,http://www.theyworkforyou.com/mp/phillip_lee/bracknell
11707,John,Leech,Liberal Democrat,"Manchester, Withington",http://www.theyworkforyou.com/mp/john_leech/manchester%2C_withington
24760,Jeremy,Lefroy,Conservative,Stafford,http://www.theyworkforyou.com/mp/jeremy_lefroy/stafford
10352,Edward,Leigh,Conservative,Gainsborough,http://www.theyworkforyou.com/mp/edward_leigh/gainsborough
24891,Charlotte,Leslie,Conservative,Bristol North West,http://www.theyworkforyou.com/mp/charlotte_leslie/bristol_north_west
10354,Christopher,Leslie,Labour,Nottingham East,http://www.theyworkforyou.com/mp/christopher_leslie/nottingham_east
10355,Oliver,Letwin,Conservative,West Dorset,http://www.theyworkforyou.com/mp/oliver_letwin/west_dorset
24879,Brandon,Lewis,Conservative,Great Yarmouth,http://www.theyworkforyou.com/mp/brandon_lewis/great_yarmouth
10357,Ivan,Lewis,Labour,Bury South,http://www.theyworkforyou.com/mp/ivan_lewis/bury_south
10358,Julian,Lewis,Conservative,New Forest East,http://www.theyworkforyou.com/mp/julian_lewis/new_forest_east
11048,Ian,Liddell-Grainger,Conservative,Bridgwater and West Somerset,http://www.theyworkforyou.com/mp/ian_liddell-grainger/bridgwater_and_west_somerset
10361,David,Lidington,Conservative,Aylesbury,http://www.theyworkforyou.com/mp/david_lidington/aylesbury
10362,Peter,Lilley,Conservative,Hitchin and Harpenden,http://www.theyworkforyou.com/mp/peter_lilley/hitchin_and_harpenden
24754,Stephen,Lloyd,Liberal Democrat,Eastbourne,http://www.theyworkforyou.com/mp/stephen_lloyd/eastbourne
10367,Tony,Lloyd,Labour,Manchester Central,http://www.theyworkforyou.com/mp/tony_lloyd/manchester_central
10368,Elfyn,Llwyd,Plaid Cymru,Dwyfor Meirionnydd,http://www.theyworkforyou.com/mp/elfyn_llwyd/dwyfor_meirionnydd
13814,Naomi,Long,Alliance,Belfast East,http://www.theyworkforyou.com/mp/naomi_long/belfast_east
24716,Jack,Lopresti,Conservative,Filton and Bradley Stoke,http://www.theyworkforyou.com/mp/jack_lopresti/filton_and_bradley_stoke
24884,Jonathan,Lord,Conservative,Woking,http://www.theyworkforyou.com/mp/jonathan_lord/woking
10371,Tim,Loughton,Conservative,East Worthing and Shoreham,http://www.theyworkforyou.com/mp/tim_loughton/east_worthing_and_shoreham
10372,Andrew,Love,Labour,Edmonton,http://www.theyworkforyou.com/mp/andrew_love/edmonton
24910,Caroline,Lucas,Green,"Brighton, Pavilion",http://www.theyworkforyou.com/mp/caroline_lucas/brighton%2C_pavilion
11057,Ian,Lucas,Labour,Wrexham,http://www.theyworkforyou.com/mp/ian_lucas/wrexham
10373,Peter,Luff,Conservative,Mid Worcestershire,http://www.theyworkforyou.com/mp/peter_luff/mid_worcestershire
24856,Karen,Lumley,Conservative,Redditch,http://www.theyworkforyou.com/mp/karen_lumley/redditch
24913,Mary,Macleod,Conservative,Brentford and Isleworth,http://www.theyworkforyou.com/mp/mary_macleod/brentford_and_isleworth
12004,Angus,MacNeil,Scottish National Party,Na h-Eileanan an Iar,http://www.theyworkforyou.com/mp/angus_macneil/na_h-eileanan_an_iar
10401,Denis,MacShane,Labour,Rotherham,http://www.theyworkforyou.com/mp/denis_macshane/rotherham
10402,Fiona,Mactaggart,Labour,Slough,http://www.theyworkforyou.com/mp/fiona_mactaggart/slough
11087,Khalid,Mahmood,Labour,"Birmingham, Perry Barr",http://www.theyworkforyou.com/mp/khalid_mahmood/birmingham%2C_perry_barr
24788,Shabana,Mahmood,Labour,"Birmingham, Ladywood",http://www.theyworkforyou.com/mp/shabana_mahmood/birmingham%2C_ladywood
11798,Anne,Main,Conservative,St Albans,http://www.theyworkforyou.com/mp/anne_main/st_albans
11093,John,Mann,Labour,Bassetlaw,http://www.theyworkforyou.com/mp/john_mann/bassetlaw
10415,Gordon,Marsden,Labour,Blackpool South,http://www.theyworkforyou.com/mp/gordon_marsden/blackpool_south
10423,Francis,Maude,Conservative,Horsham,http://www.theyworkforyou.com/mp/francis_maude/horsham
10426,Theresa,May,Conservative,Maidenhead,http://www.theyworkforyou.com/mp/theresa_may/maidenhead
24764,Paul,Maynard,Conservative,Blackpool North and Cleveleys,http://www.theyworkforyou.com/mp/paul_maynard/blackpool_north_and_cleveleys
10377,Stephen,McCabe,Labour,"Birmingham, Selly Oak",http://www.theyworkforyou.com/mp/stephen_mccabe/birmingham%2C_selly_oak
24717,Michael,McCann,Labour,"East Kilbride, Strathaven and Lesmahagow",http://www.theyworkforyou.com/mp/michael_mccann/east_kilbride%2C_strathaven_and_lesmahagow
11455,Kerry,McCarthy,Labour,Bristol East,http://www.theyworkforyou.com/mp/kerry_mccarthy/bristol_east
24887,Jason,McCartney,Conservative,Colne Valley,http://www.theyworkforyou.com/mp/jason_mccartney/colne_valley
24790,Karl,McCartney,Conservative,Lincoln,http://www.theyworkforyou.com/mp/karl_mccartney/lincoln
24733,Gregg,McClymont,Labour,"Cumbernauld, Kilsyth and Kirkintilloch East",http://www.theyworkforyou.com/mp/gregg_mcclymont/cumbernauld%2C_kilsyth_and_kirkintilloch_east
10679,William,McCrea,DUP,South Antrim,http://www.theyworkforyou.com/mp/william_mccrea/south_antrim
10381,Siobhain,McDonagh,Labour,Mitcham and Morden,http://www.theyworkforyou.com/mp/siobhain_mcdonagh/mitcham_and_morden
11402,Alasdair,McDonnell,Social Democratic and Labour Party,Belfast South,http://www.theyworkforyou.com/mp/alasdair_mcdonnell/belfast_south
10383,John,McDonnell,Labour,Hayes and Harlington,http://www.theyworkforyou.com/mp/john_mcdonnell/hayes_and_harlington
11936,Pat,McFadden,Labour,Wolverhampton South East,http://www.theyworkforyou.com/mp/pat_mcfadden/wolverhampton_south_east
24897,Alison,McGovern,Labour,Wirral South,http://www.theyworkforyou.com/mp/alison_mcgovern/wirral_south
11974,Jim,McGovern,Labour,Dundee West,http://www.theyworkforyou.com/mp/jim_mcgovern/dundee_west
10387,Martin,McGuinness,Sinn Fein,Mid Ulster,http://www.theyworkforyou.com/mp/martin_mcguinness/mid_ulster
10388,Anne,McGuire,Labour,Stirling,http://www.theyworkforyou.com/mp/anne_mcguire/stirling
10389,Anne,McIntosh,Conservative,Thirsk and Malton,http://www.theyworkforyou.com/mp/anne_mcintosh/thirsk_and_malton
11076,Ann,McKechin,Labour,Glasgow North,http://www.theyworkforyou.com/mp/ann_mckechin/glasgow_north
24818,Catherine,McKinnell,Labour,Newcastle upon Tyne North,http://www.theyworkforyou.com/mp/catherine_mckinnell/newcastle_upon_tyne_north
10397,Patrick,McLoughlin,Conservative,Derbyshire Dales,http://www.theyworkforyou.com/mp/patrick_mcloughlin/derbyshire_dales
24888,Stephen,McPartland,Conservative,Stevenage,http://www.theyworkforyou.com/mp/stephen_mcpartland/stevenage
24882,Esther,McVey,Conservative,Wirral West,http://www.theyworkforyou.com/mp/esther_mcvey/wirral_west
10427,Michael,Meacher,Labour,Oldham West and Royton,http://www.theyworkforyou.com/mp/michael_meacher/oldham_west_and_royton
10428,Alan,Meale,Labour,Mansfield,http://www.theyworkforyou.com/mp/alan_meale/mansfield
24919,Ian,Mearns,Labour,Gateshead,http://www.theyworkforyou.com/mp/ian_mearns/gateshead
24804,Mark,Menzies,Conservative,Fylde,http://www.theyworkforyou.com/mp/mark_menzies/fylde
11109,Patrick,Mercer,Conservative,Newark,http://www.theyworkforyou.com/mp/patrick_mercer/newark
24749,Stephen,Metcalfe,Conservative,South Basildon and East Thurrock,http://www.theyworkforyou.com/mp/stephen_metcalfe/south_basildon_and_east_thurrock
10431,Alun,Michael,Labour,Cardiff South and Penarth,http://www.theyworkforyou.com/mp/alun_michael/cardiff_south_and_penarth
11113,David,Miliband,Labour,South Shields,http://www.theyworkforyou.com/mp/david_miliband/south_shields
11545,Edward,Miliband,Labour,Doncaster North,http://www.theyworkforyou.com/mp/edward_miliband/doncaster_north
10435,Andrew,Miller,Labour,Ellesmere Port and Neston,http://www.theyworkforyou.com/mp/andrew_miller/ellesmere_port_and_neston
11389,Maria,Miller,Conservative,Basingstoke,http://www.theyworkforyou.com/mp/maria_miller/basingstoke
24965,Nigel,Mills,Conservative,Amber Valley,http://www.theyworkforyou.com/mp/nigel_mills/amber_valley
11603,Anne,Milton,Conservative,Guildford,http://www.theyworkforyou.com/mp/anne_milton/guildford
11115,Andrew,Mitchell,Conservative,Sutton Coldfield,http://www.theyworkforyou.com/mp/andrew_mitchell/sutton_coldfield
10436,Austin,Mitchell,Labour,Great Grimsby,http://www.theyworkforyou.com/mp/austin_mitchell/great_grimsby
11450,Madeleine,Moon,Labour,Bridgend,http://www.theyworkforyou.com/mp/madeleine_moon/bridgend
10439,Michael,Moore,Liberal Democrat,"Berwickshire, Roxburgh and Selkirk",http://www.theyworkforyou.com/mp/michael_moore/berwickshire%2C_roxburgh_and_selkirk
24938,Penny,Mordaunt,Conservative,Portsmouth North,http://www.theyworkforyou.com/mp/penny_mordaunt/portsmouth_north
11732,Jessica,Morden,Labour,Newport East,http://www.theyworkforyou.com/mp/jessica_morden/newport_east
24732,Nicky,Morgan,Conservative,Loughborough,http://www.theyworkforyou.com/mp/nicky_morgan/loughborough
24735,Graeme,Morrice,Labour,Livingston,http://www.theyworkforyou.com/mp/graeme_morrice/livingston
24912,Anne-Marie,Morris,Conservative,Newton Abbot,http://www.theyworkforyou.com/mp/anne-marie_morris/newton_abbot
24966,David,Morris,Conservative,Morecambe and Lunesdale,http://www.theyworkforyou.com/mp/david_morris/morecambe_and_lunesdale
24715,Grahame,Morris,Labour,Easington,http://www.theyworkforyou.com/mp/grahame_morris/easington
24855,James,Morris,Conservative,Halesowen and Rowley Regis,http://www.theyworkforyou.com/mp/james_morris/halesowen_and_rowley_regis
24750,Stephen,Mosley,Conservative,City of Chester,http://www.theyworkforyou.com/mp/stephen_mosley/city_of_chester
24932,David,Mowat,Conservative,Warrington South,http://www.theyworkforyou.com/mp/david_mowat/warrington_south
10450,George,Mudie,Labour,Leeds East,http://www.theyworkforyou.com/mp/george_mudie/leeds_east
11672,Greg,Mulholland,Liberal Democrat,Leeds North West,http://www.theyworkforyou.com/mp/greg_mulholland/leeds_north_west
11970,David,Mundell,Conservative,"Dumfriesshire, Clydesdale and Tweeddale",http://www.theyworkforyou.com/mp/david_mundell/dumfriesshire%2C_clydesdale_and_tweeddale
11128,Meg,Munn,Labour,"Sheffield, Heeley",http://www.theyworkforyou.com/mp/meg_munn/sheffield%2C_heeley
24942,Tessa,Munt,Liberal Democrat,Wells,http://www.theyworkforyou.com/mp/tessa_munt/wells
11734,Conor,Murphy,Sinn Fein,Newry and Armagh,http://www.theyworkforyou.com/mp/conor_murphy/newry_and_armagh
10453,Jim,Murphy,Labour,East Renfrewshire,http://www.theyworkforyou.com/mp/jim_murphy/east_renfrewshire
10454,Paul,Murphy,Labour,Torfaen,http://www.theyworkforyou.com/mp/paul_murphy/torfaen
24872,Ian,Murray,Labour,Edinburgh South,http://www.theyworkforyou.com/mp/ian_murray/edinburgh_south
24875,Sheryll,Murray,Conservative,South East Cornwall,http://www.theyworkforyou.com/mp/sheryll_murray/south_east_cornwall
11132,Andrew,Murrison,Conservative,South West Wiltshire,http://www.theyworkforyou.com/mp/andrew_murrison/south_west_wiltshire
24831,Lisa,Nandy,Labour,Wigan,http://www.theyworkforyou.com/mp/lisa_nandy/wigan
24737,Pamela,Nash,Labour,Airdrie and Shotts,http://www.theyworkforyou.com/mp/pamela_nash/airdrie_and_shotts
13736,Bob,Neill,Conservative,Bromley and Chislehurst,http://www.theyworkforyou.com/mp/bob_neill/bromley_and_chislehurst
11443,Brooks,Newmark,Conservative,Braintree,http://www.theyworkforyou.com/mp/brooks_newmark/braintree
24948,Sarah,Newton,Conservative,Truro and Falmouth,http://www.theyworkforyou.com/mp/sarah_newton/truro_and_falmouth
24809,Caroline,Nokes,Conservative,Romsey and Southampton North,http://www.theyworkforyou.com/mp/caroline_nokes/romsey_and_southampton_north
24827,Jesse,Norman,Conservative,Hereford and South Herefordshire,http://www.theyworkforyou.com/mp/jesse_norman/hereford_and_south_herefordshire
24877,David,Nuttall,Conservative,Bury North,http://www.theyworkforyou.com/mp/david_nuttall/bury_north
10670,Stephen,O'Brien,Conservative,Eddisbury,http://www.theyworkforyou.com/mp/stephen_o%27brien/eddisbury
24723,Fiona,O'Donnell,Labour,East Lothian,http://www.theyworkforyou.com/mp/fiona_o%27donnell/east_lothian
24955,Matthew,Offord,Conservative,Hendon,http://www.theyworkforyou.com/mp/matthew_offord/hendon
24967,Eric,Ollerenshaw,Conservative,Lancaster and Fleetwood,http://www.theyworkforyou.com/mp/eric_ollerenshaw/lancaster_and_fleetwood
24807,Chi,Onwurah,Labour,Newcastle upon Tyne Central,http://www.theyworkforyou.com/mp/chi_onwurah/newcastle_upon_tyne_central
24962,Guy,Opperman,Conservative,Hexham,http://www.theyworkforyou.com/mp/guy_opperman/hexham
11145,George,Osborne,Conservative,Tatton,http://www.theyworkforyou.com/mp/george_osborne/tatton
10467,Sandra,Osborne,Labour,"Ayr, Carrick and Cumnock",http://www.theyworkforyou.com/mp/sandra_osborne/ayr%2C_carrick_and_cumnock
10468,Richard,Ottaway,Conservative,Croydon South,http://www.theyworkforyou.com/mp/richard_ottaway/croydon_south
11148,Albert,Owen,Labour,Ynys Môn,http://www.theyworkforyou.com/mp/albert_owen/ynys_mon
10470,James,Paice,Conservative,South East Cambridgeshire,http://www.theyworkforyou.com/mp/james_paice/south_east_cambridgeshire
13852,Ian,Paisley Jnr,DUP,North Antrim,http://www.theyworkforyou.com/mp/ian_paisley_jnr/north_antrim
24779,Neil,Parish,Conservative,Tiverton and Honiton,http://www.theyworkforyou.com/mp/neil_parish/tiverton_and_honiton
24778,Priti,Patel,Conservative,Witham,http://www.theyworkforyou.com/mp/priti_patel/witham
10473,Owen,Paterson,Conservative,North Shropshire,http://www.theyworkforyou.com/mp/owen_paterson/north_shropshire
24880,Mark,Pawsey,Conservative,Rugby,http://www.theyworkforyou.com/mp/mark_pawsey/rugby
24956,Teresa,Pearce,Labour,Erith and Thamesmead,http://www.theyworkforyou.com/mp/teresa_pearce/erith_and_thamesmead
11626,Michael,Penning,Conservative,Hemel Hempstead,http://www.theyworkforyou.com/mp/michael_penning/hemel_hempstead
11924,John,Penrose,Conservative,Weston-Super-Mare,http://www.theyworkforyou.com/mp/john_penrose/weston-super-mare
24832,Andrew,Percy,Conservative,Brigg and Goole,http://www.theyworkforyou.com/mp/andrew_percy/brigg_and_goole
24845,Toby,Perkins,Labour,Chesterfield,http://www.theyworkforyou.com/mp/toby_perkins/chesterfield
24915,Claire,Perry,Conservative,Devizes,http://www.theyworkforyou.com/mp/claire_perry/devizes
24836,Stephen,Phillips,Conservative,Sleaford and North Hykeham,http://www.theyworkforyou.com/mp/stephen_phillips/sleaford_and_north_hykeham
24709,Bridget,Phillipson,Labour,Houghton and Sunderland South,http://www.theyworkforyou.com/mp/bridget_phillipson/houghton_and_sunderland_south
10477,Eric,Pickles,Conservative,Brentwood and Ongar,http://www.theyworkforyou.com/mp/eric_pickles/brentwood_and_ongar
24747,Christopher,Pincher,Conservative,Tamworth,http://www.theyworkforyou.com/mp/christopher_pincher/tamworth
24756,Daniel,Poulter,Conservative,Central Suffolk and North Ipswich,http://www.theyworkforyou.com/mp/daniel_poulter/central_suffolk_and_north_ipswich
10484,Stephen,Pound,Labour,Ealing North,http://www.theyworkforyou.com/mp/stephen_pound/ealing_north
10489,Dawn,Primarolo,Labour,Bristol South,http://www.theyworkforyou.com/mp/dawn_primarolo/bristol_south
11172,Mark,Prisk,Conservative,Hertford and Stortford,http://www.theyworkforyou.com/mp/mark_prisk/hertford_and_stortford
11946,Mark,Pritchard,Conservative,The Wrekin,http://www.theyworkforyou.com/mp/mark_pritchard/the_wrekin
11174,John,Pugh,Liberal Democrat,Southport,http://www.theyworkforyou.com/mp/john_pugh/southport
24775,Yasmin,Qureshi,Labour,Bolton South East,http://www.theyworkforyou.com/mp/yasmin_qureshi/bolton_south_east
24815,Dominic,Raab,Conservative,Esher and Walton,http://www.theyworkforyou.com/mp/dominic_raab/esher_and_walton
10660,John,Randall,Conservative,Uxbridge and South Ruislip,http://www.theyworkforyou.com/mp/john_randall/uxbridge_and_south_ruislip
10498,Nick,Raynsford,Labour,Greenwich and Woolwich,http://www.theyworkforyou.com/mp/nick_raynsford/greenwich_and_woolwich
24899,Mark,Reckless,Conservative,Rochester and Strood,http://www.theyworkforyou.com/mp/mark_reckless/rochester_and_strood
10499,John,Redwood,Conservative,Wokingham,http://www.theyworkforyou.com/mp/john_redwood/wokingham
11511,Jamie,Reed,Labour,Copeland,http://www.theyworkforyou.com/mp/jamie_reed/copeland
24926,Jacob,Rees-Mogg,Conservative,North East Somerset,http://www.theyworkforyou.com/mp/jacob_rees-mogg/north_east_somerset
24858,Simon,Reevell,Conservative,Dewsbury,http://www.theyworkforyou.com/mp/simon_reevell/dewsbury
24851,Rachel,Reeves,Labour,Leeds West,http://www.theyworkforyou.com/mp/rachel_reeves/leeds_west
11185,Alan,Reid,Liberal Democrat,Argyll and Bute,http://www.theyworkforyou.com/mp/alan_reid/argyll_and_bute
24868,Emma,Reynolds,Labour,Wolverhampton North East,http://www.theyworkforyou.com/mp/emma_reynolds/wolverhampton_north_east
24929,Jonathan,Reynolds,Labour,Stalybridge and Hyde,http://www.theyworkforyou.com/mp/jonathan_reynolds/stalybridge_and_hyde
11660,Malcolm,Rifkind,Conservative,Kensington,http://www.theyworkforyou.com/mp/malcolm_rifkind/kensington
11607,Linda,Riordan,Labour,Halifax,http://www.theyworkforyou.com/mp/linda_riordan/halifax
13856,Margaret,Ritchie,Social Democratic and Labour Party,South Down,http://www.theyworkforyou.com/mp/margaret_ritchie/south_down
10503,Andrew,Robathan,Conservative,South Leicestershire,http://www.theyworkforyou.com/mp/andrew_robathan/south_leicestershire
11189,Angus,Robertson,Scottish National Party,Moray,http://www.theyworkforyou.com/mp/angus_robertson/moray
11190,Hugh,Robertson,Conservative,Faversham and Mid Kent,http://www.theyworkforyou.com/mp/hugh_robertson/faversham_and_mid_kent
10684,John,Robertson,Labour,Glasgow North West,http://www.theyworkforyou.com/mp/john_robertson/glasgow_north_west
10505,Laurence,Robertson,Conservative,Tewkesbury,http://www.theyworkforyou.com/mp/laurence_robertson/tewkesbury
10506,Geoffrey,Robinson,Labour,Coventry North West,http://www.theyworkforyou.com/mp/geoffrey_robinson/coventry_north_west
11513,Dan,Rogerson,Liberal Democrat,North Cornwall,http://www.theyworkforyou.com/mp/dan_rogerson/north_cornwall
11199,Andrew,Rosindell,Conservative,Romford,http://www.theyworkforyou.com/mp/andrew_rosindell/romford
24935,Steve,Rotheram,Labour,"Liverpool, Walton",http://www.theyworkforyou.com/mp/steve_rotheram/liverpool%2C_walton
10517,Frank,Roy,Labour,Motherwell and Wishaw,http://www.theyworkforyou.com/mp/frank_roy/motherwell_and_wishaw
14142,Lindsay,Roy,Labour,Glenrothes,http://www.theyworkforyou.com/mp/lindsay_roy/glenrothes
10518,Chris,Ruane,Labour,Vale of Clwyd,http://www.theyworkforyou.com/mp/chris_ruane/vale_of_clwyd
24795,Amber,Rudd,Conservative,Hastings and Rye,http://www.theyworkforyou.com/mp/amber_rudd/hastings_and_rye
10519,Joan,Ruddock,Labour,"Lewisham, Deptford",http://www.theyworkforyou.com/mp/joan_ruddock/lewisham%2C_deptford
10520,David,Ruffley,Conservative,Bury St Edmunds,http://www.theyworkforyou.com/mp/david_ruffley/bury_st_edmunds
10521,Bob,Russell,Liberal Democrat,Colchester,http://www.theyworkforyou.com/mp/bob_russell/colchester
24820,David,Rutley,Conservative,Macclesfield,http://www.theyworkforyou.com/mp/david_rutley/macclesfield
10527,Adrian,Sanders,Liberal Democrat,Torbay,http://www.theyworkforyou.com/mp/adrian_sanders/torbay
24792,Laura,Sandys,Conservative,South Thanet,http://www.theyworkforyou.com/mp/laura_sandys/south_thanet
24738,Anas,Sarwar,Labour,Glasgow Central,http://www.theyworkforyou.com/mp/anas_sarwar/glasgow_central
11651,Lee,Scott,Conservative,Ilford North,http://www.theyworkforyou.com/mp/lee_scott/ilford_north
11760,Alison,Seabeck,Labour,"Plymouth, Moor View",http://www.theyworkforyou.com/mp/alison_seabeck/plymouth%2C_moor_view
11216,Andrew,Selous,Conservative,South West Bedfordshire,http://www.theyworkforyou.com/mp/andrew_selous/south_west_bedfordshire
13864,Jim,Shannon,DUP,Strangford,http://www.theyworkforyou.com/mp/jim_shannon/strangford
11917,Grant,Shapps,Conservative,Welwyn Hatfield,http://www.theyworkforyou.com/mp/grant_shapps/welwyn_hatfield
24902,Alok,Sharma,Conservative,Reading West,http://www.theyworkforyou.com/mp/alok_sharma/reading_west
13934,Virendra,Sharma,Labour,"Ealing, Southall",http://www.theyworkforyou.com/mp/virendra_sharma/ealing%2C_southall
10534,Barry,Sheerman,Labour,Huddersfield,http://www.theyworkforyou.com/mp/barry_sheerman/huddersfield
24893,Alec,Shelbrooke,Conservative,Elmet and Rothwell,http://www.theyworkforyou.com/mp/alec_shelbrooke/elmet_and_rothwell
10537,Richard,Shepherd,Conservative,Aldridge-Brownhills,http://www.theyworkforyou.com/mp/richard_shepherd/aldridge-brownhills
11221,Jim,Sheridan,Labour,Paisley and Renfrewshire North,http://www.theyworkforyou.com/mp/jim_sheridan/paisley_and_renfrewshire_north
24847,Gavin,Shuker,Labour,Luton South,http://www.theyworkforyou.com/mp/gavin_shuker/luton_south
11224,Mark,Simmonds,Conservative,Boston and Skegness,http://www.theyworkforyou.com/mp/mark_simmonds/boston_and_skegness
11892,David,Simpson,DUP,Upper Bann,http://www.theyworkforyou.com/mp/david_simpson/upper_bann
10542,Keith,Simpson,Conservative,Broadland,http://www.theyworkforyou.com/mp/keith_simpson/broadland
10543,Marsha,Singh,Labour,Bradford West,http://www.theyworkforyou.com/mp/marsha_singh/bradford_west
24713,Chris,Skidmore,Conservative,Kingswood,http://www.theyworkforyou.com/mp/chris_skidmore/kingswood
10544,Dennis,Skinner,Labour,Bolsover,http://www.theyworkforyou.com/mp/dennis_skinner/bolsover
11559,Andy,Slaughter,Labour,Hammersmith,http://www.theyworkforyou.com/mp/andy_slaughter/hammersmith
10545,Andrew,Smith,Labour,Oxford East,http://www.theyworkforyou.com/mp/andrew_smith/oxford_east
11814,Angela,Smith,Labour,Penistone and Stocksbridge,http://www.theyworkforyou.com/mp/angela_smith/penistone_and_stocksbridge
24691,Chloe,Smith,Conservative,Norwich North,http://www.theyworkforyou.com/mp/chloe_smith/norwich_north
24802,Henry,Smith,Conservative,Crawley,http://www.theyworkforyou.com/mp/henry_smith/crawley
24961,Julian,Smith,Conservative,Skipton and Ripon,http://www.theyworkforyou.com/mp/julian_smith/skipton_and_ripon
24728,Nick,Smith,Labour,Blaenau Gwent,http://www.theyworkforyou.com/mp/nick_smith/blaenau_gwent
24797,Owen,Smith,Labour,Pontypridd,http://www.theyworkforyou.com/mp/owen_smith/pontypridd
10552,Robert,Smith,Liberal Democrat,West Aberdeenshire and Kincardine,http://www.theyworkforyou.com/mp/robert_smith/west_aberdeenshire_and_kincardine
10555,Nicholas,Soames,Conservative,Mid Sussex,http://www.theyworkforyou.com/mp/nicholas_soames/mid_sussex
24772,Anna,Soubry,Conservative,Broxtowe,http://www.theyworkforyou.com/mp/anna_soubry/broxtowe
11675,Peter,Soulsby,Labour,Leicester South,http://www.theyworkforyou.com/mp/peter_soulsby/leicester_south
10558,John,Spellar,Labour,Warley,http://www.theyworkforyou.com/mp/john_spellar/warley
10559,Caroline,Spelman,Conservative,Meriden,http://www.theyworkforyou.com/mp/caroline_spelman/meriden
24909,Mark,Spencer,Conservative,Sherwood,http://www.theyworkforyou.com/mp/mark_spencer/sherwood
10563,John,Stanley,Conservative,Tonbridge and Malling,http://www.theyworkforyou.com/mp/john_stanley/tonbridge_and_malling
24759,Andrew,Stephenson,Conservative,Pendle,http://www.theyworkforyou.com/mp/andrew_stephenson/pendle
24799,John,Stevenson,Conservative,Carlisle,http://www.theyworkforyou.com/mp/john_stevenson/carlisle
24907,Bob,Stewart,Conservative,Beckenham,http://www.theyworkforyou.com/mp/bob_stewart/beckenham
24947,Iain,Stewart,Conservative,Milton Keynes South,http://www.theyworkforyou.com/mp/iain_stewart/milton_keynes_south
24964,Rory,Stewart,Conservative,Penrith and The Border,http://www.theyworkforyou.com/mp/rory_stewart/penrith_and_the_border
10574,Jack,Straw,Labour,Blackburn,http://www.theyworkforyou.com/mp/jack_straw/blackburn
10575,Gary,Streeter,Conservative,South West Devon,http://www.theyworkforyou.com/mp/gary_streeter/south_west_devon
24914,Mel,Stride,Conservative,Central Devon,http://www.theyworkforyou.com/mp/mel_stride/central_devon
10576,Graham,Stringer,Labour,Blackley and Broughton,http://www.theyworkforyou.com/mp/graham_stringer/blackley_and_broughton
10577,Gisela,Stuart,Labour,"Birmingham, Edgbaston",http://www.theyworkforyou.com/mp/gisela_stuart/birmingham%2C_edgbaston
11406,Graham,Stuart,Conservative,Beverley and Holderness,http://www.theyworkforyou.com/mp/graham_stuart/beverley_and_holderness
10578,Andrew,Stunell,Liberal Democrat,Hazel Grove,http://www.theyworkforyou.com/mp/andrew_stunell/hazel_grove
24853,Julian,Sturdy,Conservative,York Outer,http://www.theyworkforyou.com/mp/julian_sturdy/york_outer
10579,Gerry,Sutcliffe,Labour,Bradford South,http://www.theyworkforyou.com/mp/gerry_sutcliffe/bradford_south
24819,Ian,Swales,Liberal Democrat,Redcar,http://www.theyworkforyou.com/mp/ian_swales/redcar
10580,Desmond,Swayne,Conservative,New Forest West,http://www.theyworkforyou.com/mp/desmond_swayne/new_forest_west
11971,Jo,Swinson,Liberal Democrat,East Dunbartonshire,http://www.theyworkforyou.com/mp/jo_swinson/east_dunbartonshire
11265,Hugo,Swire,Conservative,East Devon,http://www.theyworkforyou.com/mp/hugo_swire/east_devon
10582,Robert,Syms,Conservative,Poole,http://www.theyworkforyou.com/mp/robert_syms/poole
11267,Mark,Tami,Labour,Alyn and Deeside,http://www.theyworkforyou.com/mp/mark_tami/alyn_and_deeside
10583,Peter,Tapsell,Conservative,Louth and Horncastle,http://www.theyworkforyou.com/mp/peter_tapsell/louth_and_horncastle
11350,Sarah,Teather,Liberal Democrat,Brent Central,http://www.theyworkforyou.com/mp/sarah_teather/brent_central
10594,Gareth,Thomas,Labour,Harrow West,http://www.theyworkforyou.com/mp/gareth_thomas/harrow_west
11656,Emily,Thornberry,Labour,Islington South and Finsbury,http://www.theyworkforyou.com/mp/emily_thornberry/islington_south_and_finsbury
11280,John,Thurso,Liberal Democrat,"Caithness, Sutherland and Easter Ross",http://www.theyworkforyou.com/mp/john_thurso/caithness%2C_sutherland_and_easter_ross
10596,Stephen,Timms,Labour,East Ham,http://www.theyworkforyou.com/mp/stephen_timms/east_ham
14128,Edward,Timpson,Conservative,Crewe and Nantwich,http://www.theyworkforyou.com/mp/edward_timpson/crewe_and_nantwich
24870,Justin,Tomlinson,Conservative,North Swindon,http://www.theyworkforyou.com/mp/justin_tomlinson/north_swindon
10602,David,Tredinnick,Conservative,Bosworth,http://www.theyworkforyou.com/mp/david_tredinnick/bosworth
10604,Jon,Trickett,Labour,Hemsworth,http://www.theyworkforyou.com/mp/jon_trickett/hemsworth
24941,Elizabeth,Truss,Conservative,South West Norfolk,http://www.theyworkforyou.com/mp/elizabeth_truss/south_west_norfolk
11291,Andrew,Turner,Conservative,Isle of Wight,http://www.theyworkforyou.com/mp/andrew_turner/isle_of_wight
24767,Karl,Turner,Labour,Kingston upon Hull East,http://www.theyworkforyou.com/mp/karl_turner/kingston_upon_hull_east
10610,Derek,Twigg,Labour,Halton,http://www.theyworkforyou.com/mp/derek_twigg/halton
10611,Stephen,Twigg,Labour,"Liverpool, West Derby",http://www.theyworkforyou.com/mp/stephen_twigg/liverpool%2C_west_derby
10613,Andrew,Tyrie,Conservative,Chichester,http://www.theyworkforyou.com/mp/andrew_tyrie/chichester
24950,Chuka,Umunna,Labour,Streatham,http://www.theyworkforyou.com/mp/chuka_umunna/streatham
24886,Paul,Uppal,Conservative,Wolverhampton South West,http://www.theyworkforyou.com/mp/paul_uppal/wolverhampton_south_west
11905,Edward,Vaizey,Conservative,Wantage,http://www.theyworkforyou.com/mp/edward_vaizey/wantage
11475,Shailesh,Vara,Conservative,North West Cambridgeshire,http://www.theyworkforyou.com/mp/shailesh_vara/north_west_cambridgeshire
10614,Keith,Vaz,Labour,Leicester East,http://www.theyworkforyou.com/mp/keith_vaz/leicester_east
24852,Valerie,Vaz,Labour,Walsall South,http://www.theyworkforyou.com/mp/valerie_vaz/walsall_south
24814,Martin,Vickers,Conservative,Cleethorpes,http://www.theyworkforyou.com/mp/martin_vickers/cleethorpes
11500,Theresa,Villiers,Conservative,Chipping Barnet,http://www.theyworkforyou.com/mp/theresa_villiers/chipping_barnet
11461,Charles,Walker,Conservative,Broxbourne,http://www.theyworkforyou.com/mp/charles_walker/broxbourne
24862,Robin,Walker,Conservative,Worcester,http://www.theyworkforyou.com/mp/robin_walker/worcester
11668,Ben,Wallace,Conservative,Wyre and Preston North,http://www.theyworkforyou.com/mp/ben_wallace/wyre_and_preston_north
10619,Joan,Walley,Labour,Stoke-on-Trent North,http://www.theyworkforyou.com/mp/joan_walley/stoke-on-trent_north
10620,Robert,Walter,Conservative,North Dorset,http://www.theyworkforyou.com/mp/robert_walter/north_dorset
24946,David,Ward,Liberal Democrat,Bradford East,http://www.theyworkforyou.com/mp/david_ward/bradford_east
11308,Angela,Watkinson,Conservative,Hornchurch and Upminster,http://www.theyworkforyou.com/mp/angela_watkinson/hornchurch_and_upminster
11309,Tom,Watson,Labour,West Bromwich East,http://www.theyworkforyou.com/mp/tom_watson/west_bromwich_east
10625,Dave,Watts,Labour,St Helens North,http://www.theyworkforyou.com/mp/dave_watts/st_helens_north
24889,Mike,Weatherley,Conservative,Hove,http://www.theyworkforyou.com/mp/mike_weatherley/hove
10626,Steve,Webb,Liberal Democrat,Thornbury and Yate,http://www.theyworkforyou.com/mp/steve_webb/thornbury_and_yate
11312,Michael,Weir,Scottish National Party,Angus,http://www.theyworkforyou.com/mp/michael_weir/angus
24930,James,Wharton,Conservative,Stockton South,http://www.theyworkforyou.com/mp/james_wharton/stockton_south
24769,Heather,Wheeler,Conservative,South Derbyshire,http://www.theyworkforyou.com/mp/heather_wheeler/south_derbyshire
24959,Chris,White,Conservative,Warwick and Leamington,http://www.theyworkforyou.com/mp/chris_white/warwick_and_leamington
24812,Eilidh,Whiteford,Scottish National Party,Banff and Buchan,http://www.theyworkforyou.com/mp/eilidh_whiteford/banff_and_buchan
10630,Alan,Whitehead,Labour,"Southampton, Test",http://www.theyworkforyou.com/mp/alan_whitehead/southampton%2C_test
24944,Craig,Whittaker,Conservative,Calder Valley,http://www.theyworkforyou.com/mp/craig_whittaker/calder_valley
10632,John,Whittingdale,Conservative,Maldon,http://www.theyworkforyou.com/mp/john_whittingdale/maldon
10633,Malcolm,Wicks,Labour,Croydon North,http://www.theyworkforyou.com/mp/malcolm_wicks/croydon_north
11318,Bill,Wiggin,Conservative,North Herefordshire,http://www.theyworkforyou.com/mp/bill_wiggin/north_herefordshire
10637,David,Willetts,Conservative,Havant,http://www.theyworkforyou.com/mp/david_willetts/havant
11323,Hywel,Williams,Plaid Cymru,Arfon,http://www.theyworkforyou.com/mp/hywel_williams/arfon
11489,Mark,Williams,Liberal Democrat,Ceredigion,http://www.theyworkforyou.com/mp/mark_williams/ceredigion
11324,Roger,Williams,Liberal Democrat,Brecon and Radnorshire,http://www.theyworkforyou.com/mp/roger_williams/brecon_and_radnorshire
11458,Stephen,Williams,Liberal Democrat,Bristol West,http://www.theyworkforyou.com/mp/stephen_williams/bristol_west
24830,Chris,Williamson,Labour,Derby North,http://www.theyworkforyou.com/mp/chris_williamson/derby_north
24729,Gavin,Williamson,Conservative,South Staffordshire,http://www.theyworkforyou.com/mp/gavin_williamson/south_staffordshire
11480,Jennifer,Willott,Liberal Democrat,Cardiff Central,http://www.theyworkforyou.com/mp/jennifer_willott/cardiff_central
13933,Phil,Wilson,Labour,Sedgefield,http://www.theyworkforyou.com/mp/phil_wilson/sedgefield
11773,Rob,Wilson,Conservative,Reading East,http://www.theyworkforyou.com/mp/rob_wilson/reading_east
11374,Sammy,Wilson,DUP,East Antrim,http://www.theyworkforyou.com/mp/sammy_wilson/east_antrim
10645,David,Winnick,Labour,Walsall North,http://www.theyworkforyou.com/mp/david_winnick/walsall_north
10648,Rosie,Winterton,Labour,Doncaster Central,http://www.theyworkforyou.com/mp/rosie_winterton/doncaster_central
11333,Pete,Wishart,Scottish National Party,Perth and North Perthshire,http://www.theyworkforyou.com/mp/pete_wishart/perth_and_north_perthshire
24761,Sarah,Wollaston,Conservative,Totnes,http://www.theyworkforyou.com/mp/sarah_wollaston/totnes
10650,Mike,Wood,Labour,Batley and Spen,http://www.theyworkforyou.com/mp/mike_wood/batley_and_spen
24837,John,Woodcock,Labour,Barrow and Furness,http://www.theyworkforyou.com/mp/john_woodcock/barrow_and_furness
10651,Shaun,Woodward,Labour,St Helens South and Whiston,http://www.theyworkforyou.com/mp/shaun_woodward/st_helens_south_and_whiston
11340,David,Wright,Labour,Telford,http://www.theyworkforyou.com/mp/david_wright/telford
11362,Iain,Wright,Labour,Hartlepool,http://www.theyworkforyou.com/mp/iain_wright/hartlepool
11791,Jeremy,Wright,Conservative,Kenilworth and Southam,http://www.theyworkforyou.com/mp/jeremy_wright/kenilworth_and_southam
24874,Simon,Wright,Liberal Democrat,Norwich South,http://www.theyworkforyou.com/mp/simon_wright/norwich_south
10658,Tim,Yeo,Conservative,South Suffolk,http://www.theyworkforyou.com/mp/tim_yeo/south_suffolk
10659,George,Young,Conservative,North West Hampshire,http://www.theyworkforyou.com/mp/george_young/north_west_hampshire
24822,Nadhim,Zahawi,Conservative,Stratford-on-Avon,http://www.theyworkforyou.com/mp/nadhim_zahawi/stratford-on-avon
